Month,Linear Regression,Lasso,Ridge,Random Forest,Gradient Boosting,XGBoost
未來第1月,3.230684669866839,3.530284396743295,3.5630058040524366,3.767655129273879,3.7348873432138956,3.7397232055664062
未來第2月,3.229573761036132,3.530284396743295,3.5656147014094666,3.7673291343142403,3.7348873432138956,3.7397232055664062
未來第3月,3.2284411887227664,3.530284396743295,3.5632730469872076,3.7673291343142403,3.7348873432138956,3.7397232055664062
未來第4月,3.2281382591497194,3.530284396743295,3.5619040268574347,3.7672668609098627,3.7343188168359465,3.7397232055664062
未來第5月,3.2280378096759534,3.530284396743295,3.560798965286695,3.7673374803341284,3.7343188168359465,3.7397232055664062
未來第6月,3.229499273190501,3.530284396743295,3.561978177270074,3.7673374803341284,3.7343188168359465,3.7397232055664062
